{"VOO": 342.1099853515625, "SPY": 372.1700134277344, "VTI": 194.0399932861328, "MSFT": 224.9600067138672, "XOM": 41.7400016784668, "FXNAX": 12.430000305175781, "GOOGL": 1773.9599609375, "AMZN": 3283.9599609375, "BABA": 222.36000061035156, "TSLA": 663.6900024414062, "FB": 277.0, "VXUS": 59.720001220703125, "LUV": 46.119998931884766, "DAL": 40.150001525878906, "JETS": 22.329999923706055, "BND": 87.9800033569336, "BNDX": 58.5, "BAR": 18.6200008392334, "VEA": 47.060001373291016, "VWO": 49.02000045776367, "VTV": 117.68000030517578, "MUB": 117.13999938964844, "VOE": 117.69000244140625, "VBR": 141.99000549316406, "EMB": 115.5199966430664, "VTIP": 51.0099983215332, "AGG": 118.01000213623047, "CRM":220.0, "SPAXX": 1.0, "VMMXX": 1.0, "AAPL": 136.69000244140625, "LIT": 60.83000183105469}