{"VOO": 329.010009765625, "SPY": 358.1000061035156, "VTI": 183.32000732421875, "MSFT": 216.50999450683594, "XOM": 36.08000183105469, "GOOGL": 1772.260009765625, "AMZN": 3128.81005859375, "BABA": 260.8399963378906, "TSLA": 408.5, "FB": 276.95001220703125, "VXUS": 56.56999969482422, "LUV": 43.880001068115234, "DAL": 36.459999084472656, "JETS": 20.149999618530273, "BND": 87.81999969482422, "BNDX": 58.290000915527344, "BAR": 18.760000228881836, "VEA": 44.290000915527344, "VWO": 47.130001068115234, "VTV": 114.26000213623047, "MUB": 116.08999633789062, "VOE": 113.58999633789062, "VBR": 129.1199951171875, "EMB": 113.83000183105469, "VTIP": 50.72999954223633, "AGG": 117.63999938964844, "SPAXX": 1.0, "VMMXX": 1.00, "AAPL": 119.26}