{"VOO": 348.4599914550781, "SPY": 379.1300048828125, "VTI": 198.2899932861328, "MSFT": 218.2899932861328, "XOM": 44.959999084472656, "FXNAX": 12.43, "GOOGL": 1774.3399658203125, "AMZN": 3162.159912109375, "BABA": 226.89999389648438, "TSLA": 816.0399780273438, "FB": 268.739990234375, "VXUS": 61.9900016784668, "LUV": 47.33000183105469, "DAL": 40.22999954223633, "JETS": 22.350000381469727, "BND": 87.3499984741211, "BNDX": 58.43000030517578, "BAR": 19.020000457763672, "VEA": 48.68000030517578, "VWO": 51.41999816894531, "VTV": 122.06999969482422, "MUB": 117.11000061035156, "VOE": 122.44999694824219, "VBR": 149.66000366210938, "EMB": 114.4800033569336, "VTIP": 51.2400016784668, "AGG": 117.22000122070312, "CRM": 218.08999633789062, "SPAXX": 1.0, "VMMXX": 1.0, "AAPL": 130.9199981689453, "LIT": 72.5199966430664}