{"VOO": 346.2699890136719, "SPY": 376.7200012207031, "VTI": 196.96339416503906, "MSFT": 216.57000732421875, "XOM": 45.13600158691406, "FXNAX": 12.36, "GOOGL": 1759.2099609375, "AMZN": 3182.110107421875, "BABA": 222.6999969482422, "TSLA": 789.02001953125, "FB": 271.1044921875, "VXUS": 61.685001373291016, "LUV": 47.29999923706055, "DAL": 40.689998626708984, "JETS": 22.40999984741211, "BND": 87.38500213623047, "BNDX": 58.42499923706055, "BAR": 19.03499984741211, "VEA": 48.5, "VWO": 51.10499954223633, "VTV": 121.70999908447266, "MUB": 117.05999755859375, "VOE": 122.39250183105469, "VBR": 149.2899932861328, "EMB": 114.31649780273438, "VTIP": 51.189998626708984, "AGG": 117.2166976928711, "CRM": 218.59500122070312, "SPAXX": 1.0, "VMMXX": 1.0, "AAPL": 128.05099487304688, "LIT": 71.55500030517578}